insert into lecturers (lecturer_id, first_name, last_name) values
('LEC00001', 'Nii', 'Longdon Sowah'),
('LEC00002', 'Robert', 'Sowah'),
('LEC00003', 'Godfrey', 'Mills'),
('LEC00004', 'Gifty', 'Osei'),
('LEC00005', 'Percy', 'Okae'),
('LEC00006', 'Isaac', 'Adjaye Aboagye'),
('LEC00007', 'Margaret', 'Richardson'),
('LEC00008', 'John', 'Assiamah'),
('LEC00009', 'Prosper', 'Afriye');

insert into student_info (student_id, first_name, last_name, date_of_birth, total_fee_due) values
('22384451', 'Golda', 'Abu Neaquittae', '2006-03-14', null),
('22357814', 'Stephen Yaw', 'Adzasa', '2005-07-22', null),
('22375367', 'Afia Beaa', 'Osei-Safo', '2007-01-09', null),
('22397756', 'Ryan', 'Agbemavi', '2006-11-30', null),
('22369321', 'Nathaniel', 'Agormeda Tetteh', '2005-04-18', null),
('22301848', 'Mohammed', 'Ahmad Sahih Kayelgu', '2006-09-05', null),
('22339520', 'Amprofi Yaa', 'Obeng', '2007-02-27', null),
('22333597', 'Esme Lilian', 'Asante', '2006-06-12', null),
('22268986', 'Gabriel Kwaku', 'Asante', '2005-12-03', null),
('22381577', 'Daniel', 'Botchway', '2006-08-19', null),
('22315830', 'Brian', 'Assibey-Yeboah', '2007-05-08', null),
('22388189', 'Caleb', 'Mensah', '2005-10-25', null),
('22393520', 'Cyril', 'Desmond Ofori', '2006-01-16', null),
('22312110', 'David Kwame', 'Odoi-Anim', '2007-03-29', null),
('22300896', 'Collins Kweku', 'Doe', '2006-07-02', null),
('22397491',  'Douglas', 'Kwaw Adjei', '2005-11-14', null),
('22387715', 'Dzidzor', 'Apu Apawudza', '2006-04-21', null),
('22382302',  'Edward','Kakra Ankrah', '2007-09-10', null),
('22379061',  'Emmanuel', 'Akotuah Osae', '2006-02-06', null),
('22368809', 'Emmanuel', 'Dery',  '2005-06-28', null),
('22370498',  'Ethan Edric Kweku', 'Nartey', '2007-08-17', null),
('22382425', 'Gilbert Akwasi Sarkodie', 'Yeboah',  '2006-12-09', null),
('22396551', 'Jerrold', 'Xornam Kyekye',  '2005-03-23', null),
('22398562', 'Joseph', 'Amankwah',  '2006-10-11', null),
('22398596',  'Joshua', 'Appiah', '2007-04-04', null),
('22385323', 'Jude', 'Gyampoh Addo',  '2005-09-19', null),
('22407033', 'Kenzi', 'Segbefia',  '2007-01-31', null),
('22299189', 'David', 'Kessey Ntiako', '2006-07-15', null),
('22407837', 'Kingsley',  'Caldicock Quartey', '2005-02-08', null),
('22412615', 'Kofi',  'Boateng Oware-Tano', '2006-11-02', null),
('22411009', 'Kwaku', 'Aninkorah Barimah',  '2007-06-24', null),
('22382547', 'Kwame', 'Ayeh Obeng',  '2005-08-13', null),
('22373317', 'Kwamena', 'Kesse Quaicoe',  '2006-03-27', null),
('22339058', 'Maame', 'Abena Amihere Ahu',  '2007-10-06', null),
('22302628', 'Maame','Araba Grant-Aidoo',  '2005-05-17', null),
('22396566', 'Manford Kelvin',' Oppong',  '2006-09-22', null),
('22325819', 'Nana Adwoa',  'Dansowaah Odoom', '2007-02-14', null),
('22344703', 'Nana Anokye', 'Twum' , '2005-12-29', null),
('22306910', 'Newlove', 'Yeboaah Kwarfo',  '2006-06-08', null),
('22385472', 'Ernest', 'Obeng Antwi', '2007-07-20', null),
('22399214', 'Ruth', 'Obeng', '2005-01-11', null),
('22263126', 'Yaw', 'Owusu Koranteng Poku', '2006-04-03', null),
('22373463', 'Nana Boadiwaa', 'Owusu', '2007-11-25', null),
('22381702', 'Paula', 'Akosua Asiedua Frimpong',  '2005-07-07', null),
('22387846', 'Emile', 'Quaicoo', '2006-02-19', null),
('22263922', 'Romel', 'Alvin Nii Lartey Lartey',  '2007-09-01', null),
('22401641', 'Sandra', 'Naa Adaku Mettle',  '2005-10-16', null),
('22403781', 'Kofi', 'Bempong Sekyere', '2006-12-30', null),
('22304260', 'Christian Edward Nii Mantey', 'Tetteh', '2007-03-12', null),
('22304013', 'Sonnu', 'Tietaah', '2005-06-05', null),
('22302188', 'Van Jerry', 'Quansah', '2006-08-28', null),
('22299949', 'William', 'Enchill',  '2007-01-23', null),
('22415339', 'Kelvin', 'Kwesi Saah',  '2005-04-09', null),
('22328334', 'Etsey Hannah',' Seyram',  '2006-10-31', null),
('22412982', 'Mini', 'Adu', '2007-05-15', null),
('22321110', 'Gideon', 'Nana Osei Amofa',  '2005-11-06', null),
('22306021', 'Paul Badu', ' Amponsah',  '2006-01-27', null),
('22385391', 'Abdul-Majeed Najiib', 'Stephen', '2007-08-04', null),
('22394866',  'Joshua Kwame', 'Asirifi', '2005-05-21', null),
('22382601', 'Juliet', 'Eklou', '2006-09-13', null),
('22271867', 'De-Andra Rebecca','Ayebo',  '2007-12-02', null),
('22401818', 'Mas''ud', 'Nasir',  '2005-03-08', null),
('22407018', 'Daniel', 'Dwomoh Frimpong',  '2006-07-24', null),
('22376708', 'Priscilla', 'Adjei', '2007-02-17', null),
('22377537', 'Reuben', 'Adomako', '2005-09-29', null),
('22400543', 'Frederick', 'Ocansey', '2006-06-11', null),
('22402666', 'Darlington', 'Dogbatse', '2007-10-23', null),
('22416112', 'Troy','Thomas',  '2005-01-05', null),
('22395074', 'Lydia', 'Tiwaah',  '2006-04-16', null);

update student_info set total_fee_due = 8879.00;

insert into teaching_assistant (ta_id, first_name, last_name) values
('TA000001', 'Nathaniel', 'Adika'),
('TA000002', 'Larry', 'Wurapa'),
('TA000003', 'Raphael', 'Kuayi'),
('TA000004', 'Kwesi Adinkrah', 'Asamoah');

insert into courses (course_id, course_name, credits) values
('CPEN103', 'Computer Engineering Innovations', 3),
('CPEN104', 'Engineering Design', 2),
('CPEN201', 'C++ Programming', 3),
('CPEN203', 'Digital Circuits', 3),
('CPEN213', 'Discrete Mathematics', 3),
('CPEN211', 'Database System Design', 3),
('CPEN214', 'Digital Systems Design', 3),
('CPEN204', 'Data Structures and Algorithms', 3),
('CPEN206', 'Linear Circuits', 3),
('CPEN208', 'Software Engineering', 3),
('CPEN212', 'Data Communications', 2),
('CPEN301', 'Signals and Systems', 3),
('CPEN305', 'Computer Networks', 3),
('CPEN307', 'Operating Systems', 3),
('CPEN311', 'Object-Oriented Programming', 3),
('CPEN313', 'Microelectronics Circuit Analysis and Design', 3),
('CPEN315', 'Computer Organization and Architecture', 3),
('CPEN304', 'Digital Signal Processing', 3),
('CPEN314', 'Industrial Practice', 1),
('CPEN316', 'Artificial Intelligence and Applications', 3),
('CPEN318', 'Software for Distributed Systems', 3),
('CPEN322', 'Microprocessor Programming and Interfacing', 3),
('CPEN324', 'Research Methods', 3),
('CPEN400', 'Independent Project', 6),
('CPEN401', 'Control Systems Analysis and Design', 3),
('CPEN403', 'Embedded Systems', 3),
('CPEN419', 'Computer Vision', 3),
('CPEN429', 'Emerging Trends in Computer Engineering', 3),
('CPEN409', 'Computer Graphics', 3),
('CPEN411', 'VLSI Systems Design', 3),
('CPEN415', 'Distributed Computing', 3),
('CPEN421', 'Mobile and Web Software Design', 3),
('CPEN423', 'Digital Forensics', 3),
('CPEN425', 'Real-Time Systems', 3),
('CPEN427', 'Cryptography', 3),
('CPEN406', 'Wireless Communication Systems', 3),
('CPEN424', 'Robotics', 3),
('CPEN426', 'Computer and Network Security', 3),
('CPEN444', 'Professional Development', 2),
('CPEN408', 'Human-Computer Interface', 3),
('CPEN422', 'Multimedia Systems', 3),
('CPEN432', 'Wireless Sensor Networks', 3),
('CPEN434', 'Digital Image Processing', 3),
('CPEN438', 'Advanced Computer Architecture Systems', 3),
('CPEN442', 'Introduction to Machine Learning', 3);



insert into lecturer_course (lecturer_id, course_id) values
-- Real mappings
('LEC00006', 'CPEN103'), 
('LEC00009', 'CPEN104'), 
('LEC00007', 'CPEN201'), 
('LEC00009', 'CPEN203'), 
('LEC00005', 'CPEN213'),
('LEC00008', 'CPEN211'), 
('LEC00004', 'CPEN204'),
('LEC00003', 'CPEN206'), 
('LEC00006', 'CPEN212'), 
('LEC00008', 'CPEN208'),
('LEC00003', 'CPEN301'),
('LEC00006', 'CPEN305'), 
('LEC00004', 'CPEN307'), 
('LEC00001', 'CPEN214'),
('LEC00002', 'CPEN311'),
('LEC00003', 'CPEN313'),
('LEC00004', 'CPEN315'),
('LEC00005', 'CPEN304'),
('LEC00006', 'CPEN314'),
('LEC00007', 'CPEN316'),
('LEC00008', 'CPEN318'),
('LEC00009', 'CPEN322'),
('LEC00001', 'CPEN324'),
('LEC00002', 'CPEN400'),
('LEC00003', 'CPEN401'),
('LEC00004', 'CPEN403'),
('LEC00005', 'CPEN419'),
('LEC00006', 'CPEN429'),
('LEC00007', 'CPEN409'),
('LEC00008', 'CPEN411'),
('LEC00009', 'CPEN415'),
('LEC00001', 'CPEN421'),
('LEC00002', 'CPEN423'),
('LEC00003', 'CPEN425'),
('LEC00004', 'CPEN427'),
('LEC00005', 'CPEN406'),
('LEC00006', 'CPEN424'),
('LEC00007', 'CPEN426'),
('LEC00008', 'CPEN444'),
('LEC00009', 'CPEN408'),
('LEC00001', 'CPEN422'),
('LEC00002', 'CPEN432'),
('LEC00003', 'CPEN434'),
('LEC00004', 'CPEN442');


insert into lecturer_ta (lecturer_id, ta_id) values
('LEC00003', 'TA000001'), 
('LEC00004', 'TA000001'), 
('LEC00009', 'TA000002'), 
('LEC00008', 'TA000002'), 
('LEC00007', 'TA000003'), 
('LEC00002', 'TA000003'), 
('LEC00001', 'TA000004'), 
('LEC00006', 'TA000004'); 

insert into student_fees (student_id, amount, date_of_payment) values
('22384451', 8879.00, '2026-01-15'),
('22357814', 3200.00, '2026-01-18'),
('22375367', 6450.00, '2026-02-02'),
('22397756', 8879.00, '2026-01-12'),
('22369321', 2100.00, '2026-01-25'),
('22301848', 5000.00, '2026-01-20'),
('22339520', 7300.00, '2026-02-10'),
('22333597', 1500.00, '2026-01-30'),
('22268986', 8879.00, '2026-01-14'),
('22381577', 4200.00, '2026-02-05'),
('22315830', 6000.00, '2026-01-22'),
('22388189', 8879.00, '2026-01-16'),
('22393520', 2900.00, '2026-02-08'),
('22312110', 8879.00, '2026-01-10'),
('22300896', 3600.00, '2026-01-28'),
('22397491', 5500.00, '2026-02-01'),
('22387715', 8879.00, '2026-01-13'),
('22382302', 1200.00, '2026-02-12'),
('22379061', 4700.00, '2026-01-19'),
('22368809', 8879.00, '2026-01-11'),
('22370498', 6900.00, '2026-02-03'),
('22382425', 3400.00, '2026-01-27'),
('22396551', 8879.00, '2026-01-17'),
('22398562', 5800.00, '2026-02-06'),
('22398596', 2200.00, '2026-01-24'),
('22385323', 8879.00, '2026-01-09'),
('22407033', 8879.00, '2026-01-21'),
('22299189', 6100.00, '2026-02-11'),
('22407837', 3900.00, '2026-01-26'),
('22412615', 8879.00, '2026-01-08'),
('22411009', 2700.00, '2026-02-04'),
('22382547', 7100.00, '2026-01-23'),
('22373317', 8879.00, '2026-01-31'),
('22339058', 1900.00, '2026-02-07'),
('22302628', 8879.00, '2026-01-07'),
('22396566', 5300.00, '2026-01-29'),
('22325819', 8879.00, '2026-02-13'),
('22344703', 3100.00, '2026-01-06'),
('22306910', 6700.00, '2026-02-14'),
('22385472', 8879.00, '2026-01-15'),
('22399214', 2500.00, '2026-01-05'),
('22263126', 8879.00, '2026-02-15'),
('22373463', 4900.00, '2026-01-04'),
('22381702', 8879.00, '2026-02-16'),
('22387846', 3300.00, '2026-01-03'),
('22263922', 7600.00, '2026-02-17'),
('22401641', 8879.00, '2026-01-02'),
('22403781', 2000.00, '2026-02-18'),
('22304260', 8879.00, '2026-01-01'),
('22304013', 5900.00, '2026-02-19'),
('22302188', 8879.00, '2026-02-20'),
('22299949', 1700.00, '2026-01-24'),
('22415339', 8879.00, '2026-02-21'),
('22328334', 6300.00, '2026-01-25'),
('22412982', 8879.00, '2026-02-22'),
('22321110', 4100.00, '2026-01-26'),
('22306021', 8879.00, '2026-02-23'),
('22385391', 3700.00, '2026-01-27'),
('22394866', 8879.00, '2026-02-24'),
('22382601', 2400.00, '2026-01-28'),
('22271867', 8879.00, '2026-02-25'),
('22401818', 5100.00, '2026-01-29'),
('22407018', 8879.00, '2026-02-26'),
('22376708', 3800.00, '2026-01-30'),
('22377537', 8879.00, '2026-02-27'),
('22400543', 6600.00, '2026-01-31'),
('22402666', 8879.00, '2026-02-28'),
('22416112', 2800.00, '2026-02-01'),
('22395074', 8879.00, '2026-03-01');

select outstanding_fees();